,Time (Seconds),Lidar,Steer
0,4.516015,"[[-0.06294088810682297, -0.6993303298950195, 0.0], [0.19637034833431244, -8.749999046325684, 7.629394360719743e-08], [1.185270071029663, -8.749999046325684, -1.5258788721439487e-07], [2.204801082611084, -8.749999046325684, 0.0], [3.2838995456695557, -8.749998092651367, 7.629394360719743e-08], [4.458340167999268, -8.749998092651367, 0.0], [5.7758073806762695, -8.749998092651367, 0.0], [7.305028915405273, -8.749998092651367, -7.629394360719743e-08], [9.15176010131836, -8.74999713897705, -1.5258788721439487e-07], [11.491938591003418, -8.74999713897705, -7.629394360719743e-08], [14.644999504089355, -8.74999713897705, 0.0], [19.26361656188965, -8.749996185302734, 1.5258788721439487e-07], [26.929704666137695, -8.749995231628418, 0.0], [42.73435592651367, -8.749993324279785, 0.0], [33.151004791259766, 8.750001907348633, 0.0], [22.542240142822266, 8.750000953674316, 7.629394360719743e-08], [16.706785202026367, 8.75, 0.0], [12.93764591217041, 8.750001907348633, 0.0], [10.244935035705566, 8.75, 0.0], [8.17995548248291, 8.75, 0.0], [6.508478164672852, 8.749999046325684, 0.0], [5.095559120178223, 8.749999046325684, 7.629394360719743e-08], [3.85660719871521, 8.749999046325684, 7.629394360719743e-08], [2.7349047660827637, 8.749999046325684, 0.0], [1.6895345449447632, 8.749999046325684, -1.5258788721439487e-07], [0.6886386871337891, 8.749999046325684, 0.0], [-0.294617235660553, 8.74999713897705, 7.629394360719743e-08]]",0.1836262196302414
1,4.664763,"[[-0.06294072419404984, -0.6993327736854553, 2.922058047261089e-05], [0.19636693596839905, -8.749998092651367, -9.18579098652117e-05], [1.1852688789367676, -8.74999713897705, -0.0005495452787727118], [2.20479679107666, -8.74999713897705, -0.001021919189952314], [3.283897638320923, -8.74999713897705, -0.0015219115884974599], [4.458335876464844, -8.749996185302734, -0.002066230634227395], [5.775798320770264, -8.749996185302734, -0.0026771926786750555], [7.305020809173584, -8.749995231628418, -0.0033862304408103228], [9.151750564575195, -8.749995231628418, -0.004241676069796085], [11.491923332214355, -8.749993324279785, -0.005325660575181246], [14.644980430603027, -8.749992370605469, -0.0067864228039979935], [19.263586044311523, -8.749991416931152, -0.00892356876283884], [26.92964744567871, -8.749988555908203, -0.012475738301873207], [42.73422622680664, -8.749982833862305, -0.019801711663603783], [33.15106964111328, 8.75001335144043, -0.015355834737420082], [22.542274475097656, 8.750008583068848, -0.010443649254739285], [16.706806182861328, 8.750006675720215, -0.007740668952465057], [12.93765640258789, 8.750005722045898, -0.00599529268220067], [10.244940757751465, 8.750003814697266, -0.00474765757098794], [8.179962158203125, 8.750003814697266, -0.0037910460960119963], [6.50848388671875, 8.75000286102295, -0.003016052069142461], [5.095561981201172, 8.75, -0.002361030550673604], [3.856614351272583, 8.750001907348633, -0.0017863464308902621], [2.73490834236145, 8.750001907348633, -0.0012677002232521772], [1.689536452293396, 8.750000953674316, -0.0007828521775081754], [0.6886408925056458, 8.75, -0.00031906127696856856], [-0.29461660981178284, 8.75, 0.00013694762310478836]]",0.1836262196302414
2,4.816904,"[[-0.06294072419404984, -0.6993327736854553, 2.922058047261089e-05], [0.19636693596839905, -8.749998092651367, -9.18579098652117e-05], [1.1852688789367676, -8.74999713897705, -0.0005495452787727118], [2.20479679107666, -8.74999713897705, -0.001021919189952314], [3.283897638320923, -8.74999713897705, -0.0015219115884974599], [4.458335876464844, -8.749996185302734, -0.002066230634227395], [5.775798320770264, -8.749996185302734, -0.0026771926786750555], [7.305020809173584, -8.749995231628418, -0.0033862304408103228], [9.151750564575195, -8.749995231628418, -0.004241676069796085], [11.491923332214355, -8.749993324279785, -0.005325660575181246], [14.644980430603027, -8.749992370605469, -0.0067864228039979935], [19.263586044311523, -8.749991416931152, -0.00892356876283884], [26.92964744567871, -8.749988555908203, -0.012475738301873207], [42.73422622680664, -8.749982833862305, -0.019801711663603783], [33.15106964111328, 8.75001335144043, -0.015355834737420082], [22.542274475097656, 8.750008583068848, -0.010443649254739285], [16.706806182861328, 8.750006675720215, -0.007740668952465057], [12.93765640258789, 8.750005722045898, -0.00599529268220067], [10.244940757751465, 8.750003814697266, -0.00474765757098794], [8.179962158203125, 8.750003814697266, -0.0037910460960119963], [6.50848388671875, 8.75000286102295, -0.003016052069142461], [5.095561981201172, 8.75, -0.002361030550673604], [3.856614351272583, 8.750001907348633, -0.0017863464308902621], [2.73490834236145, 8.750001907348633, -0.0012677002232521772], [1.689536452293396, 8.750000953674316, -0.0007828521775081754], [0.6886408925056458, 8.75, -0.00031906127696856856], [-0.29461660981178284, 8.75, 0.00013694762310478836]]",0.1729956865310669
3,5.095262,"[[-0.06294027715921402, -0.699341356754303, 0.00013195037900004536], [0.19637034833431244, -8.749999046325684, -0.0004131316964048892], [1.1852691173553467, -8.749999046325684, -0.00248516071587801], [2.2047972679138184, -8.749999046325684, -0.004622192122042179], [3.2838943004608154, -8.749998092651367, -0.006882057059556246], [4.458329200744629, -8.749998092651367, -0.00934318546205759], [5.775794982910156, -8.749998092651367, -0.012103423476219177], [7.3050150871276855, -8.749998092651367, -0.015307197347283363], [9.151739120483398, -8.74999713897705, -0.019176749512553215], [11.491910934448242, -8.74999713897705, -0.02408035285770893], [14.644969940185547, -8.74999713897705, -0.030686378479003906], [19.263572692871094, -8.749996185302734, -0.04036800190806389], [26.929645538330078, -8.749995231628418, -0.05642780289053917], [42.7342529296875, -8.749993324279785, -0.0895443707704544], [33.15092849731445, 8.750000953674316, -0.06945865601301193], [22.54219627380371, 8.750000953674316, -0.04723117873072624], [16.706750869750977, 8.75, -0.03500484302639961], [12.937618255615234, 8.75, -0.027107352390885353], [10.244908332824707, 8.75, -0.02146400325000286], [8.179936408996582, 8.750000953674316, -0.017137641087174416], [6.508463382720947, 8.749999046325684, -0.013637008145451546], [5.0955491065979, 8.75, -0.010675201192498207], [3.8566014766693115, 8.749999046325684, -0.008079643361270428], [2.734898328781128, 8.749999046325684, -0.0057286834344267845], [1.6895302534103394, 8.749999046325684, -0.0035385512746870518], [0.6886380910873413, 8.749999046325684, -0.0014417647616937757], [-0.2946186065673828, 8.749999046325684, 0.0006188583211041987]]",0.1729956865310669
4,5.436594,"[[-0.06293998658657074, -0.7997527718544006, 0.00016750335635151714], [0.29461756348609924, -8.750016212463379, -0.0007493972661904991], [1.2854000329971313, -8.750017166137695, -0.00334728229790926], [2.3095030784606934, -8.750017166137695, -0.006033782847225666], [3.3964054584503174, -8.750018119812012, -0.008885154500603676], [4.582705974578857, -8.750019073486328, -0.01199623104184866], [5.917794704437256, -8.750019073486328, -0.015499992296099663], [7.4731903076171875, -8.750020027160645, -0.01957889460027218], [9.359746932983398, -8.750020980834961, -0.02452724426984787], [11.763492584228516, -8.750021934509277, -0.030829772353172302], [15.025314331054688, -8.75002384185791, -0.0393863283097744], [19.852258682250977, -8.750025749206543, -0.05204837769269943], [27.994564056396484, -8.750029563903809, -0.07340766489505768], [45.315765380859375, -8.75003719329834, -0.11883464455604553], [31.704879760742188, 8.749968528747559, -0.0831800028681755], [21.813312530517578, 8.74997329711914, -0.05723964422941208], [16.260175704956055, 8.749975204467773, -0.04267242178320885], [12.629815101623535, 8.749977111816406, -0.03315231204032898], [10.015131950378418, 8.749978065490723, -0.02629340998828411], [7.997848987579346, 8.749979972839355, -0.02100093849003315], [6.357211112976074, 8.749979972839355, -0.016697920858860016], [4.964915752410889, 8.749980926513672, -0.013045959174633026], [3.7399070262908936, 8.749982833862305, -0.009832686744630337], [2.6275041103363037, 8.749981880187988, -0.006915702484548092], [1.5878942012786865, 8.749982833862305, -0.004188423044979572], [0.5899429321289062, 8.749983787536621, -0.0015702819218859076], [-0.39293771982192993, 8.749983787536621, 0.0010075760073959827]]",0.13225746154785156
5,5.739823,"[[-0.06294059008359909, -0.7997472286224365, 0.00017143248987849802], [0.29461583495140076, -8.750021934509277, -0.0007952880696393549], [1.285400629043579, -8.750022888183594, -0.00348663330078125], [2.3095033168792725, -8.75002384185791, -0.006268959026783705], [3.3964076042175293, -8.750024795532227, -0.009220847859978676], [4.582711219787598, -8.750025749206543, -0.012441291473805904], [5.917797565460205, -8.750025749206543, -0.01606922037899494], [7.4731974601745605, -8.750027656555176, -0.020291900262236595], [9.359757423400879, -8.750028610229492, -0.025417404249310493], [11.763498306274414, -8.750030517578125, -0.0319448858499527], [15.025325775146484, -8.750032424926758, -0.04080619663000107], [19.852275848388672, -8.750035285949707, -0.053915709257125854], [27.994604110717773, -8.750041007995605, -0.07602661103010178], [45.315834045410156, -8.750052452087402, -0.12307647615671158], [31.704818725585938, 8.749956130981445, -0.0861125960946083], [21.813274383544922, 8.74996280670166, -0.059251364320516586], [16.260154724121094, 8.749966621398926, -0.04416923597455025], [12.629800796508789, 8.749968528747559, -0.03430801257491112], [10.015118598937988, 8.749970436096191, -0.027208175510168076], [7.997838497161865, 8.749971389770508, -0.02172733284533024], [6.357202529907227, 8.74997329711914, -0.017271650955080986], [4.964911460876465, 8.74997329711914, -0.013489723205566406], [3.7398993968963623, 8.749975204467773, -0.010162429884076118], [2.627500295639038, 8.749975204467773, -0.007141151465475559], [1.5878924131393433, 8.74997615814209, -0.004317741375416517], [0.5899416208267212, 8.749975204467773, -0.0016068267868831754], [-0.39293691515922546, 8.749977111816406, 0.0010627746814861894]]",-0.10730382800102234
6,5.989961,"[[-0.06294073909521103, -0.7997404932975769, 0.00016658782260492444], [0.2946167588233948, -8.750021934509277, -0.000798454275354743], [1.2854009866714478, -8.750021934509277, -0.0034381102304905653], [2.3095030784606934, -8.750022888183594, -0.006166419945657253], [3.3964061737060547, -8.75002384185791, -0.009061813354492188], [4.5827131271362305, -8.750024795532227, -0.012223471887409687], [5.917799472808838, -8.750025749206543, -0.015782127156853676], [7.473196029663086, -8.75002670288086, -0.01992439292371273], [9.359755516052246, -8.750027656555176, -0.024951934814453125], [11.763497352600098, -8.750029563903809, -0.03135761246085167], [15.0253267288208, -8.750031471252441, -0.04004760831594467], [19.85227394104004, -8.75003433227539, -0.05290965735912323], [27.994606018066406, -8.750040054321289, -0.07460353523492813], [45.31581497192383, -8.750051498413086, -0.12075450271368027], [31.704833984375, 8.749958038330078, -0.08446189761161804], [21.81328582763672, 8.749963760375977, -0.05810562148690224], [16.260162353515625, 8.749967575073242, -0.043310776352882385], [12.629806518554688, 8.749969482421875, -0.03363952413201332], [10.015122413635254, 8.749971389770508, -0.02667076140642166], [7.997844696044922, 8.749972343444824, -0.021297721192240715], [6.357207298278809, 8.74997329711914, -0.016924818977713585], [4.964914321899414, 8.749975204467773, -0.013216246850788593], [3.7399046421051025, 8.74997615814209, -0.009951744228601456], [2.6275036334991455, 8.74997615814209, -0.006987609900534153], [1.5878949165344238, 8.74997615814209, -0.004217872396111488], [0.5899419188499451, 8.749977111816406, -0.001558761578053236], [-0.3929358720779419, 8.749978065490723, 0.0010597992222756147]]",-0.10592120885848999
7,6.327863,"[[-0.06294013559818268, -0.7997485399246216, 0.0001612091000424698], [0.29461708664894104, -8.750017166137695, -0.0007796477875672281], [1.285401463508606, -8.750018119812012, -0.003339042654260993], [2.3095035552978516, -8.750019073486328, -0.0059851836413145065], [3.396409034729004, -8.750019073486328, -0.008793601766228676], [4.5827107429504395, -8.750020027160645, -0.011858481913805008], [5.9177985191345215, -8.750020980834961, -0.0153073500841856], [7.473193645477295, -8.750020980834961, -0.019326286390423775], [9.359749794006348, -8.750021934509277, -0.024201849475502968], [11.763490676879883, -8.750022888183594, -0.030412063002586365], [15.025322914123535, -8.750024795532227, -0.03883712738752365], [19.852270126342773, -8.750027656555176, -0.051311299204826355], [27.994571685791016, -8.750030517578125, -0.07234825193881989], [45.3157844543457, -8.750039100646973, -0.11710727214813232], [31.704879760742188, 8.749966621398926, -0.08190185576677322], [21.81330680847168, 8.749970436096191, -0.05634342133998871], [16.260173797607422, 8.749974250793457, -0.04199451208114624], [12.6298189163208, 8.74997615814209, -0.032615698873996735], [10.015130996704102, 8.749977111816406, -0.02585746720433235], [7.997849464416504, 8.749978065490723, -0.020646285265684128], [6.357211112976074, 8.749979019165039, -0.016406554728746414], [4.9649152755737305, 8.749979972839355, -0.012810973450541496], [3.739905595779419, 8.749981880187988, -0.009645652957260609], [2.62750506401062, 8.749980926513672, -0.00677085854113102], [1.5878952741622925, 8.749981880187988, -0.00408451072871685], [0.5899428129196167, 8.749981880187988, -0.0015065001789480448], [-0.392936646938324, 8.749981880187988, 0.0010334396502003074]]",-0.10592120885848999
8,6.58404,"[[-0.06294059753417969, -0.7997429966926575, 0.00015754699415992945], [0.294617235660553, -8.750017166137695, -0.0007493972661904991], [1.2854021787643433, -8.750018119812012, -0.003238487057387829], [2.3095030784606934, -8.750019073486328, -0.0058136750012636185], [3.3964085578918457, -8.750019073486328, -0.008547324687242508], [4.582711219787598, -8.750020027160645, -0.0115287397056818], [5.9177985191345215, -8.750020980834961, -0.014885520562529564], [7.473197937011719, -8.750020980834961, -0.018795661628246307], [9.359756469726562, -8.750021934509277, -0.023539045825600624], [11.763498306274414, -8.750022888183594, -0.02958194725215435], [15.025324821472168, -8.750024795532227, -0.037782058119773865], [19.852277755737305, -8.750027656555176, -0.049917373806238174], [27.994586944580078, -8.750030517578125, -0.07038676738739014], [45.31581115722656, -8.750039100646973, -0.11393234133720398], [31.704877853393555, 8.749966621398926, -0.07969821989536285], [21.813302993774414, 8.749971389770508, -0.0548303984105587], [16.260175704956055, 8.749974250793457, -0.040869634598493576], [12.629817008972168, 8.74997615814209, -0.03174201771616936], [10.015130043029785, 8.749977111816406, -0.025169409811496735], [7.997848987579346, 8.749978065490723, -0.020099371671676636], [6.357211589813232, 8.749979019165039, -0.01597335748374462], [4.9649176597595215, 8.749979972839355, -0.012473907321691513], [3.739905834197998, 8.749981880187988, -0.00939380656927824], [2.6275055408477783, 8.749979972839355, -0.006597785744816065], [1.587893009185791, 8.749981880187988, -0.003982505761086941], [0.5899426341056824, 8.749981880187988, -0.0014751433627679944], [-0.39293864369392395, 8.749981880187988, 0.0009960174793377519]]",-0.10377340018749237
9,6.872995,"[[-0.06293967366218567, -0.7997527122497559, 0.00015502929454669356], [0.2946169078350067, -8.750018119812012, -0.000729522667825222], [1.2854008674621582, -8.750019073486328, -0.0031700516119599342], [2.3095033168792725, -8.750019073486328, -0.005692863371223211], [3.3964076042175293, -8.750020980834961, -0.008370475843548775], [4.582711219787598, -8.750020980834961, -0.011293258517980576], [5.9178009033203125, -8.750021934509277, -0.01458206120878458], [7.473199367523193, -8.750022888183594, -0.018415717408061028], [9.359758377075195, -8.75002384185791, -0.023062247782945633], [11.76350212097168, -8.750025749206543, -0.028984183445572853], [15.025330543518066, -8.750027656555176, -0.037019308656454086], [19.852283477783203, -8.750030517578125, -0.04891391471028328], [27.994604110717773, -8.750036239624023, -0.06897075474262238], [45.31583786010742, -8.75004768371582, -0.11163821816444397], [31.70486831665039, 8.749960899353027, -0.07810276001691818], [21.813304901123047, 8.749967575073242, -0.05373489111661911], [16.260175704956055, 8.749971389770508, -0.04005306214094162], [12.629819869995117, 8.74997329711914, -0.031109999865293503], [10.015131950378418, 8.74997615814209, -0.024670029059052467], [7.997849464416504, 8.74997615814209, -0.019699478521943092], [6.357213497161865, 8.749977111816406, -0.01565750129520893], [4.9649176597595215, 8.749978065490723, -0.012228088453412056], [3.73990797996521, 8.749979972839355, -0.009209861978888512], [2.627506971359253, 8.749979972839355, -0.006469192449003458], [1.5878956317901611, 8.749979972839355, -0.003908920101821423], [0.5899432897567749, 8.749980926513672, -0.0014500427059829235], [-0.3929370939731598, 8.749981880187988, 0.0009717941284179688]]",-0.10025812685489655
10,7.171458,"[[-0.06293997913599014, -0.7997545599937439, 0.0001529693545307964], [0.29461583495140076, -8.750018119812012, -0.0007191085605882108], [1.2854009866714478, -8.750019073486328, -0.003126945346593857], [2.309501886367798, -8.750019073486328, -0.0056162262335419655], [3.3964107036590576, -8.750020980834961, -0.008257674984633923], [4.582711219787598, -8.750020980834961, -0.011142577975988388], [5.917799949645996, -8.750021934509277, -0.014386863447725773], [7.473199367523193, -8.750022888183594, -0.018165893852710724], [9.359760284423828, -8.75002384185791, -0.02275192178785801], [11.76350212097168, -8.750025749206543, -0.02859443612396717], [15.025334358215332, -8.750027656555176, -0.03652389347553253], [19.85228157043457, -8.750030517578125, -0.04825439304113388], [27.994598388671875, -8.750036239624023, -0.06804420053958893], [45.31584548950195, -8.75004768371582, -0.11014724522829056], [31.70485496520996, 8.749960899353027, -0.07705970853567123], [21.813304901123047, 8.749967575073242, -0.0530146025121212], [16.260175704956055, 8.749971389770508, -0.039518166333436966], [12.629817962646484, 8.74997329711914, -0.030692366883158684], [10.015131950378418, 8.749975204467773, -0.024340208619832993], [7.997849464416504, 8.74997615814209, -0.019436607137322426], [6.357211589813232, 8.749977111816406, -0.015448570251464844], [4.964915752410889, 8.749978065490723, -0.012064971961081028], [3.7399067878723145, 8.749979019165039, -0.009086456149816513], [2.627501964569092, 8.749979972839355, -0.00638313265517354], [1.5878955125808716, 8.749979972839355, -0.0038557813968509436], [0.5899419188499451, 8.749980926513672, -0.0014312362764030695], [-0.3929370939731598, 8.749981880187988, 0.0009585571242496371]]",-0.10025812685489655
11,7.422229,"[[-0.06293997913599014, -0.7997527122497559, 0.00015159606118686497], [0.2946167588233948, -8.750018119812012, -0.0007139205699786544], [1.2854019403457642, -8.750019073486328, -0.0031018066219985485], [2.3095030784606934, -8.750019073486328, -0.005569839384406805], [3.3964104652404785, -8.750020980834961, -0.008189430460333824], [4.582711696624756, -8.750020980834961, -0.011049536988139153], [5.9178009033203125, -8.750021934509277, -0.014265937730669975], [7.473199844360352, -8.750022888183594, -0.01801380142569542], [9.359760284423828, -8.75002384185791, -0.02256263606250286], [11.76350212097168, -8.750025749206543, -0.028353270143270493], [15.0253324508667, -8.750027656555176, -0.03621501848101616], [19.852283477783203, -8.750030517578125, -0.04784835875034332], [27.994604110717773, -8.750036239624023, -0.06747078150510788], [45.31585693359375, -8.75004768371582, -0.10921768099069595], [31.70485496520996, 8.749960899353027, -0.07640869170427322], [21.813304901123047, 8.749967575073242, -0.0525694265961647], [16.260175704956055, 8.749971389770508, -0.03918567672371864], [12.629817962646484, 8.74997329711914, -0.03043598122894764], [10.015130043029785, 8.749975204467773, -0.0241324994713068], [7.997849464416504, 8.74997615814209, -0.019272688776254654], [6.357212543487549, 8.749977111816406, -0.015318412333726883], [4.964915752410889, 8.749978065490723, -0.011961860582232475], [3.7399065494537354, 8.749979019165039, -0.009009437635540962], [2.6275055408477783, 8.749979972839355, -0.0063286591321229935], [1.587893009185791, 8.749979972839355, -0.003823852399364114], [0.5899419188499451, 8.749980926513672, -0.0014187240740284324], [-0.3929370939731598, 8.749982833862305, 0.0009499358711764216]]",-0.09940133988857269
12,7.668558,"[[-0.06294028460979462, -0.7997545599937439, 0.00015071868256200105], [0.2946167588233948, -8.750018119812012, -0.0007107543642632663], [1.285402536392212, -8.750019073486328, -0.0030868148896843195], [2.3095037937164307, -8.750019073486328, -0.005541801452636719], [3.3964104652404785, -8.750020980834961, -0.008147620595991611], [4.582711696624756, -8.750020980834961, -0.01099418569356203], [5.9178032875061035, -8.750021934509277, -0.01419548038393259], [7.473201274871826, -8.750022888183594, -0.017924422398209572], [9.359757423400879, -8.75002384185791, -0.022448386996984482], [11.763504028320312, -8.750025749206543, -0.028211746364831924], [15.0253324508667, -8.750027656555176, -0.03603263944387436], [19.852285385131836, -8.750030517578125, -0.04760783910751343], [27.99461555480957, -8.750036239624023, -0.0671316534280777], [45.31586456298828, -8.75004768371582, -0.10866710543632507], [31.704856872558594, 8.749960899353027, -0.07602054625749588], [21.813302993774414, 8.749967575073242, -0.05230049043893814], [16.260177612304688, 8.749971389770508, -0.038983266800642014], [12.629817962646484, 8.74997329711914, -0.03028026595711708], [10.015130996704102, 8.749975204467773, -0.024010466411709785], [7.9978485107421875, 8.74997615814209, -0.019173774868249893], [6.357212543487549, 8.749977111816406, -0.015239715576171875], [4.964916706085205, 8.749978065490723, -0.011901779100298882], [3.739905834197998, 8.749978065490723, -0.008963546715676785], [2.627504825592041, 8.749979972839355, -0.0062960051000118256], [1.5878945589065552, 8.749979972839355, -0.003803863422945142], [0.5899419188499451, 8.749980926513672, -0.0014092635829001665], [-0.3929370939731598, 8.749981880187988, 0.0009468841599300504]]",-0.09855715930461884
13,7.963446,"[[-0.06294012814760208, -0.7997527122497559, 0.00015029906353447586], [0.2946169078350067, -8.750018119812012, -0.0007086562691256404], [1.285401701927185, -8.750019073486328, -0.0030773163307458162], [2.3095035552978516, -8.750019073486328, -0.005526694934815168], [3.3964107036590576, -8.750020980834961, -0.008125419728457928], [4.582712173461914, -8.750020980834961, -0.010962371714413166], [5.917799949645996, -8.750021934509277, -0.014153937809169292], [7.47320032119751, -8.750022888183594, -0.017872391268610954], [9.359759330749512, -8.75002384185791, -0.02238582633435726], [11.763506889343262, -8.750025749206543, -0.0281330868601799], [15.0253324508667, -8.750027656555176, -0.0359310507774353], [19.852291107177734, -8.750030517578125, -0.04747341200709343], [27.994611740112305, -8.750036239624023, -0.06694286316633224], [45.31586456298828, -8.75004768371582, -0.10835918039083481], [31.704856872558594, 8.749960899353027, -0.07580523937940598], [21.81330680847168, 8.749967575073242, -0.052154578268527985], [16.26017951965332, 8.749971389770508, -0.03887538984417915], [12.6298189163208, 8.74997329711914, -0.030195998027920723], [10.015131950378418, 8.74997615814209, -0.023943861946463585], [7.997848987579346, 8.74997615814209, -0.019118651747703552], [6.357214450836182, 8.749977111816406, -0.015197142958641052], [4.964915752410889, 8.749978065490723, -0.011866988614201546], [3.7399067878723145, 8.749979972839355, -0.00893756840378046], [2.62750506401062, 8.749979972839355, -0.0062774657271802425], [1.5878946781158447, 8.749979972839355, -0.0037932966370135546], [0.5899420976638794, 8.749980926513672, -0.0014061355032026768], [-0.39293602108955383, 8.749981880187988, 0.0009436797699891031]]",-0.09855715930461884
14,8.452027,"[[-0.0629393681883812, -0.7997410893440247, 0.00015022276784293354], [0.2946169078350067, -8.750018119812012, -0.0007076263427734375], [1.2854020595550537, -8.750019073486328, -0.003075027372688055], [2.3095037937164307, -8.750019073486328, -0.005521316546946764], [3.3964107036590576, -8.750020980834961, -0.008117599412798882], [4.582711219787598, -8.750020980834961, -0.010951804928481579], [5.9178009033203125, -8.750021934509277, -0.014142531901597977], [7.47320032119751, -8.750022888183594, -0.017857398837804794], [9.359757423400879, -8.75002384185791, -0.022364424541592598], [11.763506889343262, -8.750025749206543, -0.02810687944293022], [15.0253324508667, -8.750027656555176, -0.03589996322989464], [19.852291107177734, -8.750030517578125, -0.047431983053684235], [27.994613647460938, -8.750036239624023, -0.06687988340854645], [45.31586456298828, -8.75004768371582, -0.10826575756072998], [31.704862594604492, 8.749960899353027, -0.07573428750038147], [21.81330680847168, 8.749967575073242, -0.052104413509368896], [16.26017951965332, 8.749971389770508, -0.03884014114737511], [12.629819869995117, 8.74997329711914, -0.030168570578098297], [10.015130996704102, 8.749975204467773, -0.0239216610789299], [7.9978485107421875, 8.74997615814209, -0.019103126600384712], [6.35721492767334, 8.749977111816406, -0.015182990580797195], [4.964916706085205, 8.749978065490723, -0.011857451871037483], [3.7399067878723145, 8.749979019165039, -0.008929748088121414], [2.627504587173462, 8.749979972839355, -0.0062731169164180756], [1.5878944396972656, 8.749979019165039, -0.00379009242169559], [0.5899420976638794, 8.749980926513672, -0.0014051437610760331], [-0.39293617010116577, 8.749981880187988, 0.0009429168421775103]]",-0.0983816534280777
15,8.577801,"[[-0.0629393681883812, -0.7997410893440247, 0.00015022276784293354], [0.2946169078350067, -8.750018119812012, -0.0007076263427734375], [1.2854020595550537, -8.750019073486328, -0.003075027372688055], [2.3095037937164307, -8.750019073486328, -0.005521316546946764], [3.3964107036590576, -8.750020980834961, -0.008117599412798882], [4.582711219787598, -8.750020980834961, -0.010951804928481579], [5.9178009033203125, -8.750021934509277, -0.014142531901597977], [7.47320032119751, -8.750022888183594, -0.017857398837804794], [9.359757423400879, -8.75002384185791, -0.022364424541592598], [11.763506889343262, -8.750025749206543, -0.02810687944293022], [15.0253324508667, -8.750027656555176, -0.03589996322989464], [19.852291107177734, -8.750030517578125, -0.047431983053684235], [27.994613647460938, -8.750036239624023, -0.06687988340854645], [45.31586456298828, -8.75004768371582, -0.10826575756072998], [31.704862594604492, 8.749960899353027, -0.07573428750038147], [21.81330680847168, 8.749967575073242, -0.052104413509368896], [16.26017951965332, 8.749971389770508, -0.03884014114737511], [12.629819869995117, 8.74997329711914, -0.030168570578098297], [10.015130996704102, 8.749975204467773, -0.0239216610789299], [7.9978485107421875, 8.74997615814209, -0.019103126600384712], [6.35721492767334, 8.749977111816406, -0.015182990580797195], [4.964916706085205, 8.749978065490723, -0.011857451871037483], [3.7399067878723145, 8.749979019165039, -0.008929748088121414], [2.627504587173462, 8.749979972839355, -0.0062731169164180756], [1.5878944396972656, 8.749979019165039, -0.00379009242169559], [0.5899420976638794, 8.749980926513672, -0.0014051437610760331], [-0.39293617010116577, 8.749981880187988, 0.0009429168421775103]]",-0.09832043945789337
16,8.842158,"[[-0.06294012814760208, -0.7997508645057678, 0.00014999389532022178], [0.2946169078350067, -8.750018119812012, -0.0007055282476358116], [1.2854020595550537, -8.750019073486328, -0.0030701064970344305], [2.3095035552978516, -8.750019073486328, -0.005512657109647989], [3.3964107036590576, -8.750020980834961, -0.008105354383587837], [4.582712173461914, -8.750020980834961, -0.010936546139419079], [5.917799949645996, -8.750021934509277, -0.014121131971478462], [7.47320032119751, -8.750022888183594, -0.017832832410931587], [9.359758377075195, -8.75002384185791, -0.02233356423676014], [11.763506889343262, -8.750025749206543, -0.028068426996469498], [15.025331497192383, -8.750027656555176, -0.03585025668144226], [19.8522891998291, -8.750030517578125, -0.04736732318997383], [27.994611740112305, -8.750036239624023, -0.06679252535104752], [45.31586456298828, -8.75004768371582, -0.10811702162027359], [31.704862594604492, 8.749960899353027, -0.07564014196395874], [21.81330680847168, 8.749967575073242, -0.05203994736075401], [16.260175704956055, 8.749971389770508, -0.03879169374704361], [12.6298189163208, 8.74997329711914, -0.03013008087873459], [10.015130996704102, 8.749975204467773, -0.023893164470791817], [7.9978485107421875, 8.74997615814209, -0.019077682867646217], [6.35721492767334, 8.749977111816406, -0.015164947137236595], [4.964915752410889, 8.749978065490723, -0.011843032203614712], [3.7399063110351562, 8.749979019165039, -0.008919715881347656], [2.627504587173462, 8.749979972839355, -0.0062654875218868256], [1.5878971815109253, 8.749979972839355, -0.0037846756167709827], [0.5899432897567749, 8.749981880187988, -0.0014051055768504739], [-0.39293617010116577, 8.749981880187988, 0.0009406661847606301]]",-0.09832043945789337
17,9.089285,"[[-0.0629393681883812, -0.7997429370880127, 0.00014999389532022178], [0.2946167588233948, -8.750018119812012, -0.0007055663736537099], [1.2854015827178955, -8.750019073486328, -0.0030700683128088713], [2.3095040321350098, -8.750019073486328, -0.005512657109647989], [3.3964107036590576, -8.750020980834961, -0.008105125278234482], [4.582712173461914, -8.750020980834961, -0.010936546139419079], [5.917799949645996, -8.750021934509277, -0.014121131971478462], [7.473199844360352, -8.750022888183594, -0.01783294603228569], [9.359759330749512, -8.75002384185791, -0.022333716973662376], [11.763506889343262, -8.750025749206543, -0.028068426996469498], [15.0253324508667, -8.750027656555176, -0.035850219428539276], [19.852291107177734, -8.750030517578125, -0.04736732318997383], [27.994611740112305, -8.750036239624023, -0.06679252535104752], [45.31586456298828, -8.75004768371582, -0.10811694711446762], [31.704856872558594, 8.749960899353027, -0.0756402537226677], [21.81330680847168, 8.749967575073242, -0.05203990638256073], [16.260175704956055, 8.749971389770508, -0.03879169374704361], [12.629817962646484, 8.74997329711914, -0.030130118131637573], [10.015130043029785, 8.749975204467773, -0.023893164470791817], [7.997848987579346, 8.74997615814209, -0.019077720120549202], [6.357214450836182, 8.749977111816406, -0.015164908953011036], [4.964915752410889, 8.749978065490723, -0.011843032203614712], [3.7399067878723145, 8.749979019165039, -0.008919601328670979], [2.62750506401062, 8.749979972839355, -0.006265525706112385], [1.5878969430923462, 8.749981880187988, -0.0037845992483198643], [0.5899431705474854, 8.749980926513672, -0.0014051437610760331], [-0.39293602108955383, 8.749981880187988, 0.0009407424950040877]]",-0.09824253618717194
18,9.343586,"[[-0.06293951719999313, -0.7997410893440247, 0.00015003203589003533], [0.29461705684661865, -8.750018119812012, -0.0007055663736537099], [1.2854019403457642, -8.750019073486328, -0.0030698394402861595], [2.3095037937164307, -8.750019073486328, -0.005512733478099108], [3.3964107036590576, -8.750020980834961, -0.00810523983091116], [4.582712173461914, -8.750020980834961, -0.01093650795519352], [5.917799949645996, -8.750021934509277, -0.014121170155704021], [7.47320032119751, -8.750022888183594, -0.017832564190030098], [9.359759330749512, -8.75002384185791, -0.02233348786830902], [11.763506889343262, -8.750025749206543, -0.028068426996469498], [15.0253324508667, -8.750027656555176, -0.03585018217563629], [19.852291107177734, -8.750030517578125, -0.04736732318997383], [27.994611740112305, -8.750036239624023, -0.06679248809814453], [45.31586456298828, -8.75004768371582, -0.10811690986156464], [31.704862594604492, 8.749960899353027, -0.07564003020524979], [21.81330680847168, 8.749967575073242, -0.052039869129657745], [16.26017951965332, 8.749971389770508, -0.038791730999946594], [12.629819869995117, 8.74997329711914, -0.03013008087873459], [10.015130043029785, 8.749975204467773, -0.023893127217888832], [7.997848987579346, 8.74997615814209, -0.019077682867646217], [6.357214450836182, 8.749977111816406, -0.015164947137236595], [4.964915752410889, 8.749979972839355, -0.011843032203614712], [3.7399067878723145, 8.749979019165039, -0.00891956314444542], [2.62750506401062, 8.749979972839355, -0.006265525706112385], [1.5878969430923462, 8.749979972839355, -0.0037844085600227118], [0.5899431705474854, 8.749980926513672, -0.0014051437610760331], [-0.39293617010116577, 8.749981880187988, 0.000940780621021986]]",-0.09824356436729431
19,9.579656,"[[-0.06293997913599014, -0.7997508645057678, 0.00014999389532022178], [0.29461705684661865, -8.750018119812012, -0.0007044982630759478], [1.2854015827178955, -8.750019073486328, -0.0030669784173369408], [2.3095037937164307, -8.750019073486328, -0.005507316440343857], [3.396411418914795, -8.750020980834961, -0.008099555969238281], [4.582711219787598, -8.750020980834961, -0.010928268544375896], [5.917799949645996, -8.750021934509277, -0.01410980150103569], [7.47320032119751, -8.750022888183594, -0.017818793654441833], [9.359758377075195, -8.75002384185791, -0.022315407171845436], [11.763505935668945, -8.750025749206543, -0.02804573066532612], [15.0253324508667, -8.750027656555176, -0.03582122549414635], [19.8522891998291, -8.750030517578125, -0.04732856526970863], [27.994613647460938, -8.750036239624023, -0.06674003601074219], [45.31586456298828, -8.75004768371582, -0.10803470015525818], [31.704856872558594, 8.749960899353027, -0.075581394135952], [21.813304901123047, 8.749967575073242, -0.05199802294373512], [16.260175704956055, 8.749971389770508, -0.038760870695114136], [12.6298189163208, 8.74997329711914, -0.030106239020824432], [10.015130996704102, 8.749975204467773, -0.02387256547808647], [7.9978485107421875, 8.74997615814209, -0.01906352862715721], [6.35721492767334, 8.749977111816406, -0.015153312124311924], [4.964915752410889, 8.749978065490723, -0.01183341909199953], [3.7399063110351562, 8.749979972839355, -0.008913841098546982], [2.62750506401062, 8.749979972839355, -0.006261138711124659], [1.5878969430923462, 8.749979972839355, -0.0037834930699318647], [0.5899431705474854, 8.749980926513672, -0.0014040755340829492], [-0.39293602108955383, 8.749982833862305, 0.0009396743844263256]]",-0.09819699078798294
20,9.872147,"[[-0.06293997913599014, -0.799748420715332, 0.00014999389532022178], [0.29461660981178284, -8.750018119812012, -0.0007044982630759478], [1.2854020595550537, -8.750019073486328, -0.0030670166015625], [2.3095035552978516, -8.750019073486328, -0.005507316440343857], [3.3964107036590576, -8.750020980834961, -0.008099746890366077], [4.582712173461914, -8.750020980834961, -0.010928230360150337], [5.917799949645996, -8.750021934509277, -0.01410983968526125], [7.47320032119751, -8.750022888183594, -0.01781902275979519], [9.359758377075195, -8.75002384185791, -0.022315138950943947], [11.763505935668945, -8.750025749206543, -0.028045691549777985], [15.025331497192383, -8.750027656555176, -0.03582122549414635], [19.8522891998291, -8.750030517578125, -0.047328490763902664], [27.99461555480957, -8.750036239624023, -0.06674003601074219], [45.31586456298828, -8.75004768371582, -0.10803474485874176], [31.704856872558594, 8.749960899353027, -0.07558143138885498], [21.81330680847168, 8.749967575073242, -0.05199790745973587], [16.260177612304688, 8.749971389770508, -0.038760870695114136], [12.6298189163208, 8.74997329711914, -0.030106352642178535], [10.015130996704102, 8.749975204467773, -0.023872528225183487], [7.9978485107421875, 8.74997615814209, -0.019063567742705345], [6.357214450836182, 8.749977111816406, -0.015153350308537483], [4.964915752410889, 8.749978065490723, -0.01183345727622509], [3.7399063110351562, 8.749979019165039, -0.0089139174669981], [2.62750506401062, 8.749979972839355, -0.006261215079575777], [1.5878968238830566, 8.749979019165039, -0.003783340333029628], [0.589942991733551, 8.749980926513672, -0.0014040755340829492], [-0.39293617010116577, 8.749981880187988, 0.0009396362002007663]]",-0.09819699078798294
21,10.126366,"[[-0.06293967366218567, -0.7997447848320007, 0.00014999389532022178], [0.2946167588233948, -8.750018119812012, -0.0007044982630759478], [1.2854019403457642, -8.750019073486328, -0.003066863864660263], [2.3095033168792725, -8.750019073486328, -0.005507278256118298], [3.3964109420776367, -8.750020980834961, -0.008099975064396858], [4.582711696624756, -8.750020980834961, -0.010928230360150337], [5.9178009033203125, -8.750021934509277, -0.01410980150103569], [7.473201274871826, -8.750022888183594, -0.017818832769989967], [9.359758377075195, -8.75002384185791, -0.022315481677651405], [11.763505935668945, -8.750025749206543, -0.02804573066532612], [15.025331497192383, -8.750027656555176, -0.03582126647233963], [19.8522891998291, -8.750030517578125, -0.04732856526970863], [27.99461555480957, -8.750036239624023, -0.06674003601074219], [45.31586456298828, -8.75004768371582, -0.10803458839654922], [31.704856872558594, 8.749960899353027, -0.07558143138885498], [21.81330680847168, 8.749967575073242, -0.05199806019663811], [16.260177612304688, 8.749971389770508, -0.038760870695114136], [12.629819869995117, 8.749974250793457, -0.03010631538927555], [10.015130996704102, 8.749975204467773, -0.023872489109635353], [7.9978485107421875, 8.74997615814209, -0.019063567742705345], [6.35721492767334, 8.749977111816406, -0.015153350308537483], [4.964915752410889, 8.749978065490723, -0.01183345727622509], [3.7399065494537354, 8.749979019165039, -0.008914070203900337], [2.627504825592041, 8.749979972839355, -0.006261176895350218], [1.587896704673767, 8.749979019165039, -0.003783378517255187], [0.5899431705474854, 8.749980926513672, -0.0014040755340829492], [-0.39293602108955383, 8.749981880187988, 0.0009396362002007663]]",-0.09819607436656952
22,10.369741,"[[-0.06293982267379761, -0.7997447848320007, 0.00014999389532022178], [0.2946167588233948, -8.750018119812012, -0.000704536447301507], [1.2854015827178955, -8.750019073486328, -0.003066863864660263], [2.3095037937164307, -8.750019073486328, -0.005507278256118298], [3.3964109420776367, -8.750020980834961, -0.008099785074591637], [4.582711696624756, -8.750020980834961, -0.010928230360150337], [5.9178009033203125, -8.750021934509277, -0.01410983968526125], [7.473201274871826, -8.750022888183594, -0.01781902275979519], [9.359758377075195, -8.75002384185791, -0.022315291687846184], [11.763505935668945, -8.750025749206543, -0.02804573066532612], [15.025331497192383, -8.750027656555176, -0.03582122549414635], [19.8522891998291, -8.750030517578125, -0.04732852801680565], [27.99461555480957, -8.750036239624023, -0.06674003601074219], [45.31586456298828, -8.75004768371582, -0.10803458839654922], [31.704856872558594, 8.749959945678711, -0.07558143138885498], [21.81330680847168, 8.749967575073242, -0.05199806019663811], [16.260177612304688, 8.749971389770508, -0.03876090794801712], [12.6298189163208, 8.74997329711914, -0.03010631538927555], [10.015130996704102, 8.749975204467773, -0.023872528225183487], [7.9978485107421875, 8.74997615814209, -0.019063567742705345], [6.35721492767334, 8.749977111816406, -0.015153350308537483], [4.964915752410889, 8.749978065490723, -0.011833381839096546], [3.7399065494537354, 8.749979019165039, -0.008913879282772541], [2.627504825592041, 8.749979972839355, -0.006261176895350218], [1.5878969430923462, 8.749979972839355, -0.003783378517255187], [0.5899431705474854, 8.749980926513672, -0.0014040755340829492], [-0.39293602108955383, 8.749981880187988, 0.0009396362002007663]]",-0.09819519519805908
23,10.625718,"[[-0.06293967366218567, -0.7997447848320007, 0.00014999389532022178], [0.2946169078350067, -8.750018119812012, -0.0007044982630759478], [1.285401701927185, -8.750019073486328, -0.0030670547857880592], [2.3095037937164307, -8.750019073486328, -0.005507240071892738], [3.3964107036590576, -8.750020980834961, -0.00809959415346384], [4.582712173461914, -8.750020980834961, -0.010928268544375896], [5.917799949645996, -8.750021934509277, -0.01410980150103569], [7.47320032119751, -8.750022888183594, -0.017819060012698174], [9.359759330749512, -8.75002384185791, -0.022315481677651405], [11.763505935668945, -8.750025749206543, -0.02804573066532612], [15.025331497192383, -8.750027656555176, -0.03582126647233963], [19.8522891998291, -8.750030517578125, -0.04732852801680565], [27.994619369506836, -8.750036239624023, -0.06674007326364517], [45.31586456298828, -8.75004768371582, -0.10803462564945221], [31.704856872558594, 8.749960899353027, -0.07558147609233856], [21.81330680847168, 8.749967575073242, -0.05199809744954109], [16.260177612304688, 8.749971389770508, -0.038760870695114136], [12.6298189163208, 8.74997329711914, -0.030106276273727417], [10.015131950378418, 8.749975204467773, -0.02387256547808647], [7.997848987579346, 8.74997615814209, -0.01906352862715721], [6.357214450836182, 8.749977111816406, -0.015153273940086365], [4.964915752410889, 8.749978065490723, -0.01183341909199953], [3.7399063110351562, 8.749979019165039, -0.0089139174669981], [2.62750506401062, 8.749979972839355, -0.006261176895350218], [1.5878968238830566, 8.749979972839355, -0.003783378517255187], [0.5899432897567749, 8.749980926513672, -0.0014040755340829492], [-0.39293617010116577, 8.749981880187988, 0.000939598074182868]]",-0.09819519519805908
24,10.878493,"[[-0.06293967366218567, -0.7997447848320007, 0.00014999389532022178], [0.2946169078350067, -8.750018119812012, -0.000704536447301507], [1.285401701927185, -8.750019073486328, -0.003066863864660263], [2.3095033168792725, -8.750019073486328, -0.005507240071892738], [3.3964107036590576, -8.750020980834961, -0.008099555969238281], [4.582712173461914, -8.750020980834961, -0.010928230360150337], [5.917799949645996, -8.750021934509277, -0.01410983968526125], [7.47320032119751, -8.750022888183594, -0.017818832769989967], [9.359759330749512, -8.75002384185791, -0.022315101698040962], [11.763505935668945, -8.750025749206543, -0.02804573066532612], [15.025331497192383, -8.750027656555176, -0.03582122549414635], [19.8522891998291, -8.750030517578125, -0.04732852801680565], [27.994613647460938, -8.750036239624023, -0.06674007326364517], [45.31586456298828, -8.75004768371582, -0.10803470015525818], [31.704856872558594, 8.749960899353027, -0.07558143138885498], [21.813304901123047, 8.749967575073242, -0.05199802294373512], [16.260177612304688, 8.749971389770508, -0.038760870695114136], [12.629819869995117, 8.74997329711914, -0.030106276273727417], [10.015131950378418, 8.749975204467773, -0.02387256547808647], [7.997848987579346, 8.74997615814209, -0.01906352862715721], [6.357214450836182, 8.749977111816406, -0.015153273940086365], [4.964915752410889, 8.749979972839355, -0.01183341909199953], [3.7399063110351562, 8.749979019165039, -0.008913879282772541], [2.62750506401062, 8.749979972839355, -0.006261176895350218], [1.5878968238830566, 8.749979972839355, -0.003783340333029628], [0.5899432897567749, 8.749980926513672, -0.0014040755340829492], [-0.39293602108955383, 8.749981880187988, 0.0009396743844263256]]",-0.09819507598876953
25,11.123696,"[[-0.06294307857751846, -0.6993362903594971, -0.0002501678536646068], [0.19618670642375946, -8.74388599395752, -0.008694343268871307], [1.184175968170166, -8.742369651794434, -0.014284934848546982], [2.2024037837982178, -8.74080753326416, -0.020045775920152664], [3.279738187789917, -8.739153861999512, -0.02614261582493782], [4.451784610748291, -8.737356185913086, -0.032773666083812714], [5.765994071960449, -8.735339164733887, -0.04021087661385536], [7.290677547454834, -8.732998847961426, -0.04883697256445885], [9.130840301513672, -8.730175971984863, -0.05925056338310242], [11.46098518371582, -8.72659969329834, -0.07243484258651733], [14.597506523132324, -8.721787452697754, -0.09018279612064362], [19.1856632232666, -8.714747428894043, -0.11614345014095306], [26.784860610961914, -8.703085899353027, -0.15914234519004822], [42.387596130371094, -8.679144859313965, -0.24742892384529114], [33.366607666015625, 8.807032585144043, -0.18120768666267395], [22.646493911743164, 8.790583610534668, -0.12054954469203949], [16.7668399810791, 8.781561851501465, -0.08727916330099106], [12.975555419921875, 8.77574348449707, -0.06582679599523544], [10.270102500915527, 8.771592140197754, -0.05051906406879425], [8.197084426879883, 8.768411636352539, -0.03878883272409439], [6.520200729370117, 8.765838623046875, -0.029300231486558914], [5.103481769561768, 8.763664245605469, -0.02128349244594574], [3.8617753982543945, 8.761759757995605, -0.014257697388529778], [2.7380430698394775, 8.760034561157227, -0.007899360731244087], [1.691179871559143, 8.758428573608398, -0.0019755554385483265], [0.6892158389091492, 8.756891250610352, 0.0036942672450095415], [-0.29474982619285583, 8.75538158416748, 0.009260940365493298]]",0.03524746000766754
26,11.391483,"[[-0.0629647746682167, -0.6993177533149719, -0.0013189696474000812], [0.1952347457408905, -8.716818809509277, -0.029872054234147072], [1.1792007684707642, -8.708733558654785, -0.04333164170384407], [2.191739797592163, -8.70041275024414, -0.05718231201171875], [3.2613308429718018, -8.691624641418457, -0.0718136578798294], [4.422967433929443, -8.682079315185547, -0.08770507574081421], [5.723039627075195, -8.671396255493164, -0.1054898053407669], [7.228065490722656, -8.659029006958008, -0.12607650458812714], [9.039873123168945, -8.64414119720459, -0.1508631855249405], [11.326851844787598, -8.625349998474121, -0.18214744329452515], [14.392558097839355, -8.600157737731934, -0.22408530116081238], [18.851030349731445, -8.563522338867188, -0.28507575392723083], [26.168058395385742, -8.503397941589355, -0.3851677477359772], [40.93339920043945, -8.382070541381836, -0.5871471762657166], [34.33926010131836, 9.064334869384766, -0.44234609603881836], [23.112722396850586, 8.972085952758789, -0.2887716591358185], [17.03432846069336, 8.922139167785645, -0.2056255340576172], [13.144113540649414, 8.890172958374023, -0.1524072289466858], [10.381939888000488, 8.867476463317871, -0.11462123692035675], [8.273223876953125, 8.850149154663086, -0.08577460795640945], [6.5723700523376465, 8.836172103881836, -0.06250766664743423], [5.138803482055664, 8.824392318725586, -0.04289745166897774], [3.884890079498291, 8.814087867736816, -0.025745047256350517], [2.7521603107452393, 8.804780960083008, -0.010249137878417969], [1.698668122291565, 8.796124458312988, 0.004161834716796875], [0.69193434715271, 8.787851333618164, 0.017933577299118042], [-0.295215904712677, 8.779741287231445, 0.03143764287233353]]",0.03524746000766754
27,11.628288,"[[-0.06301428377628326, -0.7997315526008606, -0.002953185932710767], [0.2908739745616913, -8.668221473693848, -0.05179973319172859], [1.2694437503814697, -8.64937973022461, -0.07158565521240234], [2.276460886001587, -8.62999153137207, -0.09194370359182358], [3.3403096199035645, -8.60950756072998, -0.11345390230417252], [4.4956889152526855, -8.587263107299805, -0.13681373000144958], [5.7888665199279785, -8.56236457824707, -0.1629590541124344], [7.285996437072754, -8.533538818359375, -0.193227156996727], [9.088434219360352, -8.498835563659668, -0.2296707034111023], [11.363842964172363, -8.455025672912598, -0.2756745219230652], [14.414262771606445, -8.396293640136719, -0.33734840154647827], [18.851417541503906, -8.31086254119873, -0.4270596206188202], [26.135019302368164, -8.170626640319824, -0.5743196606636047], [40.84012985229492, -7.8874993324279785, -0.8716315031051636], [34.38623046875, 9.491482734680176, -0.6484850645065308], [23.117616653442383, 9.274520874023438, -0.4206536114215851], [17.014354705810547, 9.157010078430176, -0.2972537875175476], [13.107257843017578, 9.08178424835205, -0.21826301515102386], [10.332799911499023, 9.028367042541504, -0.16216826438903809], [8.214436531066895, 8.987579345703125, -0.11933761090040207], [6.505666732788086, 8.954679489135742, -0.08479007333517075], [5.065339088439941, 8.926949501037598, -0.05566863715648651], [3.805417776107788, 8.902689933776855, -0.030195539817214012], [2.667232036590576, 8.880775451660156, -0.0071839140728116035], [1.6085822582244873, 8.860392570495605, 0.01422073319554329], [0.5969128012657166, 8.840913772583008, 0.03467487171292305], [-0.39513838291168213, 8.821813583374023, 0.05473247542977333]]",-0.14294219017028809
28,11.910412,"[[-0.06293055415153503, -0.7997483015060425, 0.001160850515589118], [0.29128119349479675, -8.656110763549805, -0.010686073452234268], [1.268232822418213, -8.63621711730957, -0.03403373807668686], [2.273331642150879, -8.615750312805176, -0.0580548457801342], [3.334867477416992, -8.594133377075195, -0.08342532813549042], [4.487415313720703, -8.570664405822754, -0.11096927523612976], [5.777016639709473, -8.544404029846191, -0.14179058372974396], [7.269480228424072, -8.514013290405273, -0.17745906114578247], [9.065537452697754, -8.477438926696777, -0.220381960272789], [11.33171272277832, -8.431293487548828, -0.2745433449745178], [14.367692947387695, -8.369470596313477, -0.34710055589675903], [18.77962303161621, -8.279629707336426, -0.4525427520275116], [26.011043548583984, -8.132375717163086, -0.6253688335418701], [40.57000732421875, -7.835909366607666, -0.9733169078826904], [34.57854080200195, 9.5457124710083, -0.8225988745689392], [23.21366310119629, 9.314288139343262, -0.5509882569313049], [17.071706771850586, 9.189218521118164, -0.40419963002204895], [13.144780158996582, 9.109253883361816, -0.31034907698631287], [10.358593940734863, 9.052518844604492, -0.2437606304883957], [8.232574462890625, 9.009225845336914, -0.1929507851600647], [6.5184550285339355, 8.974321365356445, -0.15198490023612976], [5.074185848236084, 8.944911003112793, -0.11746837198734283], [3.8112449645996094, 8.919195175170898, -0.08728446811437607], [2.6706788539886475, 8.895968437194824, -0.06002643331885338], [1.6101053953170776, 8.874371528625488, -0.03467899188399315], [0.5968611836433411, 8.853738784790039, -0.010462990030646324], [-0.3964872658252716, 8.833511352539062, 0.013276366516947746]]",-0.6510829925537109
29,12.168357,"[[-0.06284938752651215, -0.699327826499939, 0.004405784420669079], [0.1953665316104889, -8.668718338012695, 0.029846874997019768], [1.1727797985076904, -8.654085159301758, 0.004944076295942068], [2.1770384311676025, -8.639050483703613, -0.020640980452299118], [3.2361721992492676, -8.623194694519043, -0.047623779624700546], [4.384467601776123, -8.60600471496582, -0.0768783912062645], [5.667169094085693, -8.586801528930664, -0.10955695062875748], [7.148858547210693, -8.564620018005371, -0.1473056674003601], [8.92807388305664, -8.537983894348145, -0.192633256316185], [11.166817665100098, -8.50446891784668, -0.24967023730278015], [14.15556812286377, -8.459725379943848, -0.3258124887943268], [18.477157592773438, -8.395028114318848, -0.4359130263328552], [25.50616455078125, -8.289799690246582, -0.614986777305603], [39.45524978637695, -8.080973625183105, -0.9703686237335205], [33.81905746459961, 9.33660888671875, -0.8970569968223572], [22.85869598388672, 9.172524452209473, -0.6178260445594788], [16.872705459594727, 9.082911491394043, -0.46532198786735535], [13.022204399108887, 9.025266647338867, -0.36722269654273987], [10.2791109085083, 8.984200477600098, -0.2973381578922272], [8.17974853515625, 8.95277214050293, -0.2438531219959259], [6.483165740966797, 8.927373886108398, -0.20063039660453796], [5.050930023193359, 8.90593147277832, -0.16414090991020203], [3.7964515686035156, 8.887150764465332, -0.13218046724796295], [2.661862373352051, 8.870165824890137, -0.10327612608671188], [1.6054329872131348, 8.854351043701172, -0.07636092603206635], [0.5948734879493713, 8.839221954345703, -0.05061633512377739], [-0.39705413579940796, 8.824372291564941, -0.025344960391521454]]",-0.6510829925537109
30,12.422594,"[[-0.06307598203420639, -0.6990763545036316, -0.01818019710481167], [0.19176408648490906, -8.61695384979248, -0.2311921864748001], [1.1626036167144775, -8.592334747314453, -0.23764528334140778], [2.1577486991882324, -8.567099571228027, -0.2442602664232254], [3.2046775817871094, -8.54055118560791, -0.251222163438797], [4.336752414703369, -8.511842727661133, -0.25874757766723633], [5.597674369812012, -8.479867935180664, -0.2671302855014801], [7.049410343170166, -8.44305419921875, -0.27678239345550537], [8.785900115966797, -8.399019241333008, -0.2883264422416687], [10.960516929626465, -8.343873977661133, -0.3027832806110382], [13.84572982788086, -8.270709037780762, -0.3219637870788574], [17.98182487487793, -8.165823936462402, -0.34946027398109436], [24.620222091674805, -7.997483730316162, -0.39359328150749207], [37.4775276184082, -7.671441555023193, -0.47906675934791565], [35.46195602416992, 9.783071517944336, 0.001149253686890006], [23.65190887451172, 9.483585357666016, 0.07966182380914688], [17.333280563354492, 9.323355674743652, 0.12167032808065414], [13.31663990020752, 9.221498489379883, 0.1483728289604187], [10.477705001831055, 9.149507522583008, 0.16724587976932526], [8.317493438720703, 9.0947265625, 0.18160799145698547], [6.579615116119385, 9.050657272338867, 0.19316072762012482], [5.11795711517334, 9.013590812683105, 0.20287857949733734], [3.8417809009552, 8.981229782104492, 0.21136249601840973], [2.6908233165740967, 8.952043533325195, 0.21901322901248932], [1.6219285726547241, 8.92493724822998, 0.22611941397190094], [0.601932942867279, 8.89907169342041, 0.23290179669857025], [-0.3968934416770935, 8.873743057250977, 0.2395419031381607]]",-0.4936748743057251
31,12.720695,"[[-0.06309136748313904, -0.698632538318634, -0.031044727191329002], [0.18791507184505463, -8.44668960571289, -0.3799489438533783], [1.1348530054092407, -8.383008003234863, -0.38167792558670044], [2.0963096618652344, -8.31834888458252, -0.38343381881713867], [3.0979111194610596, -8.250990867614746, -0.385263055562973], [4.1697211265563965, -8.178911209106445, -0.38721945881843567], [5.3499932289123535, -8.099536895751953, -0.38937392830848694], [6.6915507316589355, -8.009316444396973, -0.391823947429657], [8.272380828857422, -7.903005123138428, -0.3947107493877411], [10.21628475189209, -7.772276878356934, -0.3982597887516022], [12.735962867736816, -7.602827072143555, -0.40286099910736084], [16.234580993652344, -7.367543697357178, -0.4092496335506439], [21.587060928344727, -7.007586479187012, -0.41902151703834534], [31.122255325317383, -6.366340160369873, -0.4364323318004608], [43.56277084350586, 12.009819030761719, 0.32791781425476074], [27.23152732849121, 10.911534309387207, 0.3577454686164856], [19.308374404907227, 10.378698348999023, 0.37221118807792664], [14.533957481384277, 10.0576171875, 0.3809286653995514], [11.27432632446289, 9.838404655456543, 0.3868813216686249], [8.854925155639648, 9.675700187683105, 0.3912995457649231], [6.945485591888428, 9.54728889465332, 0.3947831988334656], [5.364393711090088, 9.440958976745605, 0.3976709544658661], [4.002115726470947, 9.349344253540039, 0.4001587927341461], [2.787750482559204, 9.267678260803223, 0.40237680077552795], [1.671890377998352, 9.192636489868164, 0.4044145345687866], [0.6176061034202576, 9.121734619140625, 0.40633881092071533], [-0.4049816429615021, 9.052966117858887, 0.40820667147636414]]",0.11042958498001099
32,12.976023,"[[-0.46608680486679077, -8.235654830932617, -0.5386571884155273], [0.45310935378074646, -8.096003532409668, -0.533864438533783], [1.3527419567108154, -7.959324836730957, -0.5291728377342224], [2.255889654159546, -7.822112083435059, -0.5244634747505188], [3.1859164237976074, -7.680815696716309, -0.5196148753166199], [4.169040679931641, -7.531452655792236, -0.5144886374473572], [5.2375664710998535, -7.369114398956299, -0.5089170336723328], [6.434444427490234, -7.1872758865356445, -0.5026756525039673], [7.821340560913086, -6.976568222045898, -0.4954439103603363], [9.492838859558105, -6.722622394561768, -0.4867282509803772], [11.605669021606445, -6.401625633239746, -0.47571346163749695], [14.443143844604492, -5.970535755157471, -0.46091708540916443], [18.580419540405273, -5.341971397399902, -0.4393438994884491], [25.39769172668457, -4.306241989135742, -0.40379777550697327], [39.259910583496094, -2.200193405151367, -0.3315163850784302], [32.818477630615234, 10.234817504882812, 0.5158339738845825], [21.388874053955078, 9.405766487121582, 0.5158339738845825], [15.447185516357422, 8.974759101867676, 0.5158339738845825], [11.731119155883789, 8.705219268798828, 0.5158339738845825], [9.132471084594727, 8.516730308532715, 0.5158339738845825], [7.170379638671875, 8.374419212341309, 0.5158339738845825], [5.601428031921387, 8.260632514953613, 0.5158339738845825], [4.288245677947998, 8.165365219116211, 0.5158339738845825], [3.1466128826141357, 8.082579612731934, 0.5158339738845825], [2.1207425594329834, 8.008157730102539, 0.5158339738845825], [1.1712992191314697, 7.939294338226318, 0.5158339738845825], [0.2681694030761719, 7.87377405166626, 0.5158339738845825]]",2.6306252479553223
33,13.411324,"[[-0.2605046033859253, -7.605931758880615, -0.4533332586288452], [0.5726932883262634, -7.311923503875732, -0.44290411472320557], [1.357127070426941, -7.035122394561768, -0.43308478593826294], [2.11547589302063, -6.767525672912598, -0.423591285943985], [2.8675167560577393, -6.50215482711792, -0.4141780734062195], [3.6324782371520996, -6.23222541809082, -0.4046023488044739], [4.4308390617370605, -5.950510025024414, -0.39460882544517517], [5.2867865562438965, -5.648474216461182, -0.38389450311660767], [6.231410980224609, -5.3151469230651855, -0.3720698356628418], [7.307602882385254, -4.935393810272217, -0.35859817266464233], [8.57929515838623, -4.486654758453369, -0.342679888010025], [10.148194313049316, -3.93304181098938, -0.3230397701263428], [12.190408706665039, -3.2124111652374268, -0.2974768877029419], [15.04230785369873, -2.206069231033325, -0.261778324842453], [19.44194793701172, -0.6535803079605103, -0.2067069262266159], [27.392684936523438, 2.151975631713867, -0.10717887431383133], [46.92146301269531, 9.043045043945312, 0.1372724175453186], [27.821491241455078, 12.611968994140625, 0.5156554579734802], [19.031160354614258, 11.34718132019043, 0.5156554579734802], [13.978175163269043, 10.620170593261719, 0.5156554579734802], [10.627415657043457, 10.13802433013916, 0.5156554579734802], [8.190521240234375, 9.787418365478516, 0.5156554579734802], [6.296722888946533, 9.51492977142334, 0.5156554579734802], [4.7476348876953125, 9.292035102844238, 0.5156554579734802], [3.426746129989624, 9.1019868850708, 0.5156554579734802], [2.2597527503967285, 8.934056282043457, 0.5156554579734802], [1.196097731590271, 8.781009674072266, 0.5156554579734802], [0.1986660659313202, 8.637519836425781, 0.5156554579734802]]",2.6306252479553223
34,13.732139,"[[-0.06307359784841537, -0.6992096304893494, -0.013318824581801891], [0.15990401804447174, -7.18628454208374, -0.144765242934227], [0.9344163537025452, -6.907070159912109, -0.1467505544424057], [1.672352910041809, -6.641041278839111, -0.148640438914299], [2.3939006328582764, -6.38092041015625, -0.1504891961812973], [3.117588996887207, -6.120028018951416, -0.15234321355819702], [3.8620681762695312, -5.851640701293945, -0.1542506366968155], [4.648281574249268, -5.568207740783691, -0.1562647968530655], [5.501839637756348, -5.260496616363525, -0.15845108032226562], [6.456815719604492, -4.916224479675293, -0.1608971357345581], [7.561856746673584, -4.517852783203125, -0.16372977197170258], [8.891536712646484, -4.038498401641846, -0.1671353131532669], [10.568990707397461, -3.433770179748535, -0.17143210768699646], [12.815801620483398, -2.623786211013794, -0.17718948423862457], [16.07999038696289, -1.4470345973968506, -0.18555213510990143], [21.42763328552246, 0.48081114888191223, -0.19925330579280853], [32.18524932861328, 4.35897159576416, -0.22681419551372528], [34.20219802856445, 23.688539505004883, 0.138721764087677], [22.146183013916016, 19.342300415039062, 0.16961120069026947], [15.493046760559082, 16.94382095336914, 0.1866590827703476], [11.187314987182617, 15.39158821105957, 0.19769079983234406], [8.107536315917969, 14.281315803527832, 0.2055806666612625], [5.743319034576416, 13.429008483886719, 0.21163637936115265], [3.828305959701538, 12.738639831542969, 0.21654385328292847], [2.208461046218872, 12.154677391052246, 0.22069333493709564], [0.7873327732086182, 11.642355918884277, 0.22433257102966309], [-0.49989256262779236, 11.178305625915527, 0.22763167321681976]]",0.8592627644538879
35,13.975781,"[[-0.06278199702501297, -0.7995679974555969, 0.01701480895280838], [0.23648986220359802, -6.982239723205566, 0.1411539763212204], [0.9938415884971619, -6.7552690505981445, 0.12932422757148743], [1.7266019582748413, -6.535667419433594, 0.11787834018468857], [2.453913927078247, -6.317699432373047, 0.10651698708534241], [3.194326639175415, -6.095804691314697, 0.09495220333337784], [3.967752695083618, -5.864016532897949, 0.08287235349416733], [4.79777193069458, -5.615267753601074, 0.06990756839513779], [5.7146430015563965, -5.340490818023682, 0.05558479204773903], [6.760470390319824, -5.027066707611084, 0.03925037384033203], [7.997836589813232, -4.656239986419678, 0.019922027364373207], [9.526918411254883, -4.197988986968994, -0.003962745424360037], [11.521303176879883, -3.6002912521362305, -0.035116080194711685], [14.314062118530273, -2.7633285522460938, -0.07873866707086563], [18.640411376953125, -1.4667644500732422, -0.146315336227417], [26.512956619262695, 0.8925604224205017, -0.2692859172821045], [46.156639099121094, 6.779580116271973, -0.5761170387268066], [27.36732292175293, 19.417585372924805, -0.6578170657157898], [18.882949829101562, 16.874900817871094, -0.5252901911735535], [13.688465118408203, 15.318164825439453, -0.4441511929035187], [10.105962753295898, 14.244524002075195, -0.3881932497024536], [7.427742958068848, 13.441886901855469, -0.34635937213897705], [5.302365779876709, 12.804932594299316, -0.31316110491752625], [3.534646511077881, 12.275164604187012, -0.28554895520210266], [2.0058257579803467, 11.816991806030273, -0.26166874170303345], [0.6385198831558228, 11.40722370147705, -0.24031130969524384], [-0.6216377019882202, 11.02956771850586, -0.22062678635120392]]",0.8592627644538879
36,14.234058,"[[-0.06257694214582443, -0.7984375357627869, 0.046122245490550995], [0.2392285168170929, -6.999976634979248, 0.39813026785850525], [1.011315107345581, -6.852222919464111, 0.3835867643356323], [1.7758382558822632, -6.705915927886963, 0.3691858947277069], [2.552332878112793, -6.557318687438965, 0.35455939173698425], [3.3614799976348877, -6.402472496032715, 0.33931684494018555], [4.2275824546813965, -6.236726760864258, 0.3230014741420746], [5.1817216873168945, -6.05413293838501, 0.3050297796726227], [6.266592979431152, -5.846521854400635, 0.28459447622299194], [7.54558801651001, -5.6017608642578125, 0.26050180196762085], [9.119105339050293, -5.300637245178223, 0.23086071014404297], [11.160100936889648, -4.91005277633667, 0.19241438806056976], [13.996708869934082, -4.367212295532227, 0.1389809399843216], [18.34193992614746, -3.5356669425964355, 0.05713054537773132], [26.10087776184082, -2.0508413314819336, -0.08901920169591904], [44.66337966918945, 1.5014574527740479, -0.4386851489543915], [31.13037109375, 16.72921371459961, -1.2019643783569336], [21.52039909362793, 14.890155792236328, -1.0209428071975708], [15.811806678771973, 13.797704696655273, -0.9134129285812378], [11.949295043945312, 13.058537483215332, -0.8406542539596558], [9.100371360778809, 12.513340950012207, -0.7869898676872253], [6.8628997802734375, 12.085156440734863, -0.7448428273200989], [5.017204284667969, 11.731945991516113, -0.7100748419761658], [3.432202100753784, 11.428625106811523, -0.6802166700363159], [2.0232722759246826, 11.159000396728516, -0.653678297996521], [0.7319555282592773, 10.911879539489746, -0.6293540000915527], [-0.4851512014865875, 10.678961753845215, -0.6064280271530151]]",0.9024482369422913
37,14.483319,"[[-0.06262741982936859, -0.6966332793235779, 0.06163444370031357], [0.13214270770549774, -5.751262187957764, 0.5055356621742249], [0.7898199558258057, -5.789287090301514, 0.5055356621742249], [1.4770503044128418, -5.829023838043213, 0.5055356621742249], [2.2147738933563232, -5.871667385101318, 0.5055356621742249], [3.030050039291382, -5.918816566467285, 0.5055356621742249], [3.960329532623291, -5.972602367401123, 0.5055356621742249], [5.061548709869385, -6.036273002624512, 0.5055356621742249], [6.423146724700928, -6.114997386932373, 0.5055356621742249], [8.200427055358887, -6.217758655548096, 0.5055356621742249], [10.691723823547363, -6.361809730529785, 0.5055356621742249], [14.482444763183594, -6.551704406738281, 0.5029591917991638], [19.43990707397461, -6.291257858276367, 0.4548056721687317], [28.510629653930664, -5.8147149085998535, 0.36669886112213135], [45.91142654418945, 12.623592376708984, -1.3447272777557373], [29.41766929626465, 11.75706958770752, -1.1845260858535767], [21.113651275634766, 11.320807456970215, -1.103867769241333], [16.010150909423828, 11.052687644958496, -1.0542951822280884], [12.481733322143555, 10.867318153381348, -1.0200289487838745], [9.839312553405762, 10.728494644165039, -0.9943616986274719], [7.739522457122803, 10.618179321289062, -0.9739660620689392], [5.991174697875977, 10.526328086853027, -0.95698481798172], [4.477710247039795, 10.446816444396973, -0.9422842264175415], [3.1230359077453613, 10.375645637512207, -0.9291248917579651], [1.8735955953598022, 10.310004234313965, -0.9169895648956299], [0.6890011429786682, 10.247770309448242, -0.9054835438728333], [-0.46380582451820374, 10.18720531463623, -0.8942866325378418]]",0.343270480632782
38,14.737611,"[[-0.2017481029033661, -4.493361473083496, 0.4993094503879547], [0.3069123327732086, -4.505236625671387, 0.4993094503879547], [0.8261022567749023, -4.5173492431640625, 0.4993094503879547], [1.3699654340744019, -4.5300445556640625, 0.4993094503879547], [1.9552935361862183, -4.543701648712158, 0.4993094503879547], [2.6039576530456543, -4.55883264541626, 0.4993094503879547], [3.3465042114257812, -4.576165199279785, 0.4993094503879547], [4.228727340698242, -4.5967535972595215, 0.4993094503879547], [5.324477195739746, -4.622320175170898, 0.4993094503879547], [6.762950897216797, -4.655886650085449, 0.4993094503879547], [8.795256614685059, -4.703314781188965, 0.4993094503879547], [11.985183715820312, -4.777736663818359, 0.4993094503879547], [17.924680709838867, -4.916345119476318, 0.4993094503879547], [33.5482063293457, -5.280861854553223, 0.4993094503879547], [36.321163177490234, 5.717874526977539, -0.7287889122962952], [25.247587203979492, 6.925914287567139, -0.8342090249061584], [19.062332153320312, 7.6006760597229, -0.8930899500846863], [15.031111717224121, 8.040450096130371, -0.9314609169960022], [12.133601188659668, 8.356544494628906, -0.9590473175048828], [9.901521682739258, 8.600048065185547, -0.9802968502044678], [8.088421821594238, 8.797842979431152, -0.9975540637969971], [6.5512542724609375, 8.965534210205078, -1.0121899843215942], [5.199985980987549, 9.112947463989258, -1.0250520706176758], [3.9738340377807617, 9.246710777282715, -1.0367258787155151], [2.828766345977783, 9.37162971496582, -1.047626256942749], [1.7302908897399902, 9.491463661193848, -1.0580832958221436], [0.649103045463562, 9.609413146972656, -1.0683766603469849], [-0.44238317012786865, 9.728485107421875, -1.078765869140625]]",0.343270480632782
